{
  "gesamt": {
    "UA": {
      "Ordentliche Studienabschlüsse": {
        "Frauen": 6289.969000000006,
        "Männer": 3140.016000000004,
        "Gesamt": 9429.985000000011
      }
    },
    "UB": {
      "Ordentliche Studienabschlüsse": {
        "Frauen": 2062.782299999996,
        "Männer": 1005.5494499999995,
        "Gesamt": 3068.3317499999957
      }
    },
    "UC": {
      "Ordentliche Studienabschlüsse": {
        "Frauen": 2393.875900000001,
        "Männer": 1959.0240500000004,
        "Gesamt": 4352.899950000001
      }
    },
    "US": {
      "Ordentliche Studienabschlüsse": {
        "Frauen": 485.1,
        "Männer": 378.79999999999995,
        "Gesamt": 863.9
      }
    },
    "UT": {
      "Ordentliche Studienabschlüsse": {
        "Frauen": 254.33010000000007,
        "Männer": 195.66369999999998,
        "Gesamt": 449.9938000000001
      }
    },
    "UU": {
      "Ordentliche Studienabschlüsse": {
        "Frauen": 274.0,
        "Männer": 194.5,
        "Gesamt": 468.5
      }
    },
    "UD": {
      "Ordentliche Studienabschlüsse": {
        "Frauen": 1389.8836499999986,
        "Männer": 610.6409500000002,
        "Gesamt": 2000.5245999999988
      }
    },
    "UG": {
      "Ordentliche Studienabschlüsse": {
        "Frauen": 913.5,
        "Männer": 2008.0,
        "Gesamt": 2921.5
      }
    },
    "UH": {
      "Ordentliche Studienabschlüsse": {
        "Frauen": 530.7386500000001,
        "Männer": 1389.7001500000003,
        "Gesamt": 1920.4388000000004
      }
    },
    "UI": {
      "Ordentliche Studienabschlüsse": {
        "Frauen": 134.0,
        "Männer": 436.0,
        "Gesamt": 570.0
      }
    },
    "UJ": {
      "Ordentliche Studienabschlüsse": {
        "Frauen": 706.5200000000001,
        "Männer": 593.3,
        "Gesamt": 1299.8200000000002
      }
    },
    "UV": {
      "Ordentliche Studienabschlüsse": {
        "Frauen": 220.6,
        "Männer": 66.94,
        "Gesamt": 287.53999999999996
      }
    },
    "UW": {
      "Ordentliche Studienabschlüsse": {
        "Frauen": 1725.0,
        "Männer": 1773.0,
        "Gesamt": 3498.0
      }
    },
    "UF": {
      "Ordentliche Studienabschlüsse": {
        "Frauen": 1096.213149999999,
        "Männer": 1164.2192999999988,
        "Gesamt": 2260.4324499999975
      }
    },
    "UE": {
      "Ordentliche Studienabschlüsse": {
        "Frauen": 673.6962999999996,
        "Männer": 321.4932500000002,
        "Gesamt": 995.1895499999998
      }
    },
    "UQ": {
      "Ordentliche Studienabschlüsse": {
        "Frauen": 167.5,
        "Männer": 86.0,
        "Gesamt": 253.5
      }
    },
    "UM": {
      "Ordentliche Studienabschlüsse": {
        "Frauen": 211.5,
        "Männer": 161.0,
        "Gesamt": 372.5
      }
    },
    "UL": {
      "Ordentliche Studienabschlüsse": {
        "Frauen": 193.1624999999999,
        "Männer": 139.0892,
        "Gesamt": 332.2516999999999
      }
    },
    "UN": {
      "Ordentliche Studienabschlüsse": {
        "Frauen": 146.3182,
        "Männer": 137.1144,
        "Gesamt": 283.4326
      }
    },
    "UK": {
      "Ordentliche Studienabschlüsse": {
        "Frauen": 110.40565000000001,
        "Männer": 59.3091,
        "Gesamt": 169.71475
      }
    },
    "UO": {
      "Ordentliche Studienabschlüsse": {
        "Frauen": 103.0,
        "Männer": 53.5,
        "Gesamt": 156.5
      }
    },
    "UR": {
      "Ordentliche Studienabschlüsse": {
        "Frauen": 4.0,
        "Männer": 1.0,
        "Gesamt": 5.0
      }
    }
  }
}