{
  "gesamt": {
    "UA": {
      "Gesamt": {
        "Studienjahr 2023/24": 9395.12499999999,
        "Studienjahr 2022/23": 9048.005999999988,
        "Studienjahr 2021/22": 9293.685999999987
      }
    },
    "UB": {
      "Gesamt": {
        "Studienjahr 2023/24": 3063.8317499999985,
        "Studienjahr 2022/23": 2999.840599999997,
        "Studienjahr 2021/22": 2851.126749999999
      }
    },
    "UC": {
      "Gesamt": {
        "Studienjahr 2023/24": 4332.615149999999,
        "Studienjahr 2022/23": 4300.830750000003,
        "Studienjahr 2021/22": 4199.351100000003
      }
    },
    "UN": {
      "Gesamt": {
        "Studienjahr 2023/24": 862.9000000000001,
        "Studienjahr 2022/23": 767.5,
        "Studienjahr 2021/22": 831.7
      }
    },
    "UO": {
      "Gesamt": {
        "Studienjahr 2023/24": 449.9938000000012,
        "Studienjahr 2022/23": 452.9938000000014,
        "Studienjahr 2021/22": 383.328800000001
      }
    },
    "UQ": {
      "Gesamt": {
        "Studienjahr 2023/24": 467.5,
        "Studienjahr 2022/23": 475.0,
        "Studienjahr 2021/22": 451.0
      }
    },
    "UD": {
      "Gesamt": {
        "Studienjahr 2023/24": 1994.0799999999986,
        "Studienjahr 2022/23": 1912.3162999999995,
        "Studienjahr 2021/22": 1810.768399999998
      }
    },
    "UE": {
      "Gesamt": {
        "Studienjahr 2023/24": 2907.5,
        "Studienjahr 2022/23": 3039.5,
        "Studienjahr 2021/22": 2846.0
      }
    },
    "UF": {
      "Gesamt": {
        "Studienjahr 2023/24": 1917.9388000000001,
        "Studienjahr 2022/23": 1857.5452500000001,
        "Studienjahr 2021/22": 1814.4612
      }
    },
    "UG": {
      "Gesamt": {
        "Studienjahr 2023/24": 569.0,
        "Studienjahr 2022/23": 620.0,
        "Studienjahr 2021/22": 540.0
      }
    },
    "UH": {
      "Gesamt": {
        "Studienjahr 2023/24": 1298.8199999999997,
        "Studienjahr 2022/23": 1244.0199999999995,
        "Studienjahr 2021/22": 1398.06
      }
    },
    "UI": {
      "Gesamt": {
        "Studienjahr 2023/24": 287.53999999999985,
        "Studienjahr 2022/23": 324.9399999999999,
        "Studienjahr 2021/22": 285.21999999999997
      }
    },
    "UJ": {
      "Gesamt": {
        "Studienjahr 2023/24": 3492.0,
        "Studienjahr 2022/23": 3568.0,
        "Studienjahr 2021/22": 3097.0
      }
    },
    "UK": {
      "Gesamt": {
        "Studienjahr 2023/24": 2255.3709499999977,
        "Studienjahr 2022/23": 2198.9487999999965,
        "Studienjahr 2021/22": 1852.1596499999991
      }
    },
    "UL": {
      "Gesamt": {
        "Studienjahr 2023/24": 995.1895499999988,
        "Studienjahr 2022/23": 1003.3570499999984,
        "Studienjahr 2021/22": 1004.1599499999987
      }
    },
    "US": {
      "Gesamt": {
        "Studienjahr 2023/24": 252.5,
        "Studienjahr 2022/23": 239.0,
        "Studienjahr 2021/22": 170.5
      }
    },
    "UT": {
      "Gesamt": {
        "Studienjahr 2023/24": 372.0,
        "Studienjahr 2022/23": 423.19,
        "Studienjahr 2021/22": 386.34
      }
    },
    "UU": {
      "Gesamt": {
        "Studienjahr 2023/24": 332.2516999999999,
        "Studienjahr 2022/23": 382.09964999999994,
        "Studienjahr 2021/22": 349.8954
      }
    },
    "UV": {
      "Gesamt": {
        "Studienjahr 2023/24": 283.4326,
        "Studienjahr 2022/23": 354.77305000000007,
        "Studienjahr 2021/22": 323.37935000000004
      }
    },
    "UW": {
      "Gesamt": {
        "Studienjahr 2023/24": 169.71475,
        "Studienjahr 2022/23": 148.82005,
        "Studienjahr 2021/22": 171.70185
      }
    },
    "UR": {
      "Gesamt": {
        "Studienjahr 2023/24": 156.5,
        "Studienjahr 2022/23": 163.0,
        "Studienjahr 2021/22": 155.5
      }
    },
    "UM": {
      "Gesamt": {
        "Studienjahr 2023/24": 5.0,
        "Studienjahr 2022/23": 2.0,
        "Studienjahr 2021/22": 1.0
      }
    }
  }
}