{
  "gesamt": {
    "UA": {
      "Ordentliche Studien": {
        "Frauen": 55827.09227999991,
        "Männer": 33757.05424999998,
        "Gesamt": 89584.1465299998
      }
    },
    "UB": {
      "Ordentliche Studien": {
        "Frauen": 16283.834449999982,
        "Männer": 9618.81714999999,
        "Gesamt": 25902.6516
      }
    },
    "UC": {
      "Ordentliche Studien": {
        "Frauen": 15379.543699999998,
        "Männer": 13637.305499999995,
        "Gesamt": 29016.849199999993
      }
    },
    "US": {
      "Ordentliche Studien": {
        "Frauen": 4188.000000000001,
        "Männer": 3292.0,
        "Gesamt": 7480.0
      }
    },
    "UT": {
      "Ordentliche Studien": {
        "Frauen": 2377.3110000000015,
        "Männer": 1835.6496000000006,
        "Gesamt": 4212.960600000005
      }
    },
    "UU": {
      "Ordentliche Studien": {
        "Frauen": 2118.5,
        "Männer": 1624.0,
        "Gesamt": 3742.5
      }
    },
    "UD": {
      "Ordentliche Studien": {
        "Frauen": 8771.539849999997,
        "Männer": 4937.8255999999965,
        "Gesamt": 13709.36545000001
      }
    },
    "UG": {
      "Ordentliche Studien": {
        "Frauen": 8359.833440000002,
        "Männer": 18273.3335,
        "Gesamt": 26633.166940000003
      }
    },
    "UH": {
      "Ordentliche Studien": {
        "Frauen": 4279.266600000002,
        "Männer": 9871.302350000004,
        "Gesamt": 14150.568949999997
      }
    },
    "UI": {
      "Ordentliche Studien": {
        "Frauen": 758.0,
        "Männer": 2054.0,
        "Gesamt": 2812.0
      }
    },
    "UJ": {
      "Ordentliche Studien": {
        "Frauen": 5537.9432799999995,
        "Männer": 4998.46325,
        "Gesamt": 10536.406530000004
      }
    },
    "UV": {
      "Ordentliche Studien": {
        "Frauen": 1737.7899999999997,
        "Männer": 449.15000000000003,
        "Gesamt": 2186.9399999999996
      }
    },
    "UW": {
      "Ordentliche Studien": {
        "Frauen": 10251.0,
        "Männer": 11936.0,
        "Gesamt": 22187.0
      }
    },
    "UF": {
      "Ordentliche Studien": {
        "Frauen": 10214.11650000001,
        "Männer": 11351.562750000012,
        "Gesamt": 21565.67925000006
      }
    },
    "UE": {
      "Ordentliche Studien": {
        "Frauen": 4884.2064499999915,
        "Männer": 3124.1696,
        "Gesamt": 8008.376049999978
      }
    },
    "UQ": {
      "Ordentliche Studien": {
        "Frauen": 1249.0,
        "Männer": 683.5,
        "Gesamt": 1932.5
      }
    },
    "UM": {
      "Ordentliche Studien": {
        "Frauen": 1482.0,
        "Männer": 1309.5,
        "Gesamt": 2791.5
      }
    },
    "UL": {
      "Ordentliche Studien": {
        "Frauen": 1021.2687499999995,
        "Männer": 614.15045,
        "Gesamt": 1635.4192000000005
      }
    },
    "UN": {
      "Ordentliche Studien": {
        "Frauen": 812.8004500000002,
        "Männer": 885.8061000000001,
        "Gesamt": 1698.60655
      }
    },
    "UK": {
      "Ordentliche Studien": {
        "Frauen": 906.3149,
        "Männer": 462.60935,
        "Gesamt": 1368.92425
      }
    },
    "UO": {
      "Ordentliche Studien": {
        "Frauen": 1112.5,
        "Männer": 538.5,
        "Gesamt": 1651.0
      }
    },
    "UR": {
      "Ordentliche Studien": {
        "Frauen": 23.0,
        "Männer": 14.0,
        "Gesamt": 37.0
      }
    }
  }
}