{
  "UA": {
    "personal_koepfe": 7640.0,
    "studierende": 79149.0,
    "neuzulassungen": 14312.0,
    "studien": 89584.1465299998,
    "abschluesse": 9429.985000000011,
    "mobilitaet": 1518.0
  },
  "UB": {
    "personal_koepfe": 3270.0,
    "studierende": 27557.0,
    "neuzulassungen": 5197.0,
    "studien": 25902.6516,
    "abschluesse": 3068.3317499999957,
    "mobilitaet": 547.0
  },
  "UC": {
    "personal_koepfe": 4018.0,
    "studierende": 26850.0,
    "neuzulassungen": 5565.0,
    "studien": 29016.849199999993,
    "abschluesse": 4352.899950000001,
    "mobilitaet": 569.0
  },
  "UN": {
    "personal_koepfe": 4704.0,
    "studierende": 2004.0,
    "neuzulassungen": 353.0,
    "studien": 1698.60655,
    "abschluesse": 283.4326,
    "mobilitaet": 43.0
  },
  "UO": {
    "personal_koepfe": 1723.0,
    "studierende": 1700.0,
    "neuzulassungen": 358.0,
    "studien": 1651.0,
    "abschluesse": 156.5,
    "mobilitaet": 114.0
  },
  "UQ": {
    "personal_koepfe": 1436.0,
    "studierende": 1996.0,
    "neuzulassungen": 442.0,
    "studien": 1932.5,
    "abschluesse": 253.5,
    "mobilitaet": 151.0
  },
  "UD": {
    "personal_koepfe": 2039.0,
    "studierende": 15002.0,
    "neuzulassungen": 3204.0,
    "studien": 13709.36545000001,
    "abschluesse": 2000.5245999999988,
    "mobilitaet": 253.0
  },
  "UE": {
    "personal_koepfe": 4688.0,
    "studierende": 12532.0,
    "neuzulassungen": 2445.0,
    "studien": 8008.376049999978,
    "abschluesse": 995.1895499999998,
    "mobilitaet": 162.0
  },
  "UF": {
    "personal_koepfe": 2679.0,
    "studierende": 24391.0,
    "neuzulassungen": 5255.0,
    "studien": 21565.67925000006,
    "abschluesse": 2260.4324499999975,
    "mobilitaet": 624.0
  },
  "UG": {
    "personal_koepfe": 1006.0,
    "studierende": 25318.0,
    "neuzulassungen": 4893.0,
    "studien": 26633.166940000003,
    "abschluesse": 2921.5,
    "mobilitaet": 400.0
  },
  "UH": {
    "personal_koepfe": 2254.0,
    "studierende": 16782.0,
    "neuzulassungen": 3387.0,
    "studien": 14150.568949999997,
    "abschluesse": 1920.4388000000004,
    "mobilitaet": 329.0
  },
  "UI": {
    "personal_koepfe": 807.0,
    "studierende": 2644.0,
    "neuzulassungen": 508.0,
    "studien": 2812.0,
    "abschluesse": 570.0,
    "mobilitaet": 157.0
  },
  "UJ": {
    "personal_koepfe": 1878.0,
    "studierende": 10199.0,
    "neuzulassungen": 2537.0,
    "studien": 10536.406530000004,
    "abschluesse": 1299.8200000000002,
    "mobilitaet": 198.0
  },
  "UK": {
    "personal_koepfe": 3058.0,
    "studierende": 1599.0,
    "neuzulassungen": 324.0,
    "studien": 1368.92425,
    "abschluesse": 169.71475,
    "mobilitaet": 68.0
  },
  "UL": {
    "personal_koepfe": 1233.0,
    "studierende": 2045.0,
    "neuzulassungen": 459.0,
    "studien": 1635.4192000000005,
    "abschluesse": 332.2516999999999,
    "mobilitaet": 11.0
  },
  "US": {
    "personal_koepfe": 681.0,
    "studierende": 7674.0,
    "neuzulassungen": 1427.0,
    "studien": 7480.0,
    "abschluesse": 863.9,
    "mobilitaet": 603.0
  },
  "UT": {
    "personal_koepfe": 1123.0,
    "studierende": 4992.0,
    "neuzulassungen": 1099.0,
    "studien": 4212.960600000005,
    "abschluesse": 449.9938000000001,
    "mobilitaet": 371.0
  },
  "UU": {
    "personal_koepfe": 675.0,
    "studierende": 3699.0,
    "neuzulassungen": 661.0,
    "studien": 3742.5,
    "abschluesse": 468.5,
    "mobilitaet": 161.0
  },
  "UV": {
    "personal_koepfe": 589.0,
    "studierende": 2463.0,
    "neuzulassungen": 560.0,
    "studien": 2186.9399999999996,
    "abschluesse": 287.53999999999996,
    "mobilitaet": 195.0
  },
  "UW": {
    "personal_koepfe": 514.0,
    "studierende": 20980.0,
    "neuzulassungen": 6174.0,
    "studien": 22187.0,
    "abschluesse": 3498.0,
    "mobilitaet": 1088.0
  },
  "UR": {
    "personal_koepfe": 393.0,
    "studierende": 37.0,
    "neuzulassungen": 13.0,
    "studien": 37.0,
    "abschluesse": 5.0
  },
  "UM": {
    "personal_koepfe": 1067.0,
    "studierende": 2641.0,
    "neuzulassungen": 402.0,
    "studien": 2791.5,
    "abschluesse": 372.5,
    "mobilitaet": 34.0
  }
}